"magazine_id","State","sample_issue_date","sample_period_end_date","num_mail_subscriptions","num_single_copy_sales"
"1","Alabama","1928-01-01","1928-06-30",,"515"
"1","Alabama","1928-10-01","1928-12-31","2","621"
"1","Alabama","1929-02-01","1929-06-30","2","676"
"1","Alabama","1929-11-01","1929-12-31",,"791"
"1","Alabama","1930-08-01","1930-12-31","2","592"
"1","Alabama","1930-10-01","1930-06-30",,"742"
"1","Alabama","1931-04-01","1931-06-30","1","442"
"7","Alabama","1930-11-08","1930-12-31","121","131"
"7","Alabama","1935-11-16","1935-12-31","173","151"
"7","Alabama","1940-03-16","1940-06-30","258","114"
"1","Arizona","1928-01-01","1928-06-30",,"226"
"1","Arizona","1928-10-01","1928-12-31","1","216"
"1","Arizona","1929-02-01","1929-06-30","1","263"
"1","Arizona","1929-11-01","1929-12-31","4","467"
"1","Arizona","1930-08-01","1930-12-31","3","396"
"1","Arizona","1930-10-01","1930-06-30","3","442"
"1","Arizona","1931-04-01","1931-06-30","1","280"
"7","Arizona","1925-11-28","1925-12-31","1",
"7","Arizona","1930-11-08","1930-12-31","78","123"
"7","Arizona","1935-11-16","1935-12-31","151","125"
"7","Arizona","1940-03-16","1940-06-30","304","146"
"1","Arkansas","1928-01-01","1928-06-30",,"387"
"1","Arkansas","1928-10-01","1928-12-31","3","590"
"1","Arkansas","1929-02-01","1929-06-30","3","747"
"1","Arkansas","1929-11-01","1929-12-31","4","711"
"1","Arkansas","1930-08-01","1930-12-31","6","509"
"1","Arkansas","1930-10-01","1930-06-30","4","679"
"1","Arkansas","1931-04-01","1931-06-30","5","314"
"7","Arkansas","1930-11-08","1930-12-31","58","64"
"7","Arkansas","1935-11-16","1935-12-31","92","85"
"7","Arkansas","1940-03-16","1940-06-30","167","70"
"1","California","1928-01-01","1928-06-30",,"8753"
"1","California","1928-10-01","1928-12-31","32","7399"
"1","California","1929-02-01","1929-06-30","37","8747"
"1","California","1929-11-01","1929-12-31","35","10401"
"1","California","1930-08-01","1930-12-31","40","8418"
"1","California","1930-10-01","1930-06-30","32","9976"
"1","California","1931-04-01","1931-06-30","34","6673"
"7","California","1925-11-28","1925-12-31","42",
"7","California","1930-11-08","1930-12-31","2632","2843"
"7","California","1935-11-16","1935-12-31","4113","3077"
"7","California","1940-03-16","1940-06-30","6597","3019"
"1","Colorado","1928-01-01","1928-06-30",,"1674"
"1","Colorado","1928-10-01","1928-12-31","2","1049"
"1","Colorado","1929-02-01","1929-06-30","2","1128"
"1","Colorado","1929-11-01","1929-12-31","5","1576"
"1","Colorado","1930-08-01","1930-12-31","5","1044"
"1","Colorado","1930-10-01","1930-06-30","3","1506"
"1","Colorado","1931-04-01","1931-06-30","5","674"
"7","Colorado","1925-11-28","1925-12-31","6",
"7","Colorado","1930-11-08","1930-12-31","213","179"
"7","Colorado","1935-11-16","1935-12-31","364","153"
"7","Colorado","1940-03-16","1940-06-30","575","201"
"1","Connecticut","1928-01-01","1928-06-30",,"1803"
"1","Connecticut","1928-10-01","1928-12-31","6","1869"
"1","Connecticut","1929-02-01","1929-06-30","7","2343"
"1","Connecticut","1929-11-01","1929-12-31","10","2363"
"1","Connecticut","1930-08-01","1930-12-31","12","2056"
"1","Connecticut","1930-10-01","1930-06-30","10","2187"
"1","Connecticut","1931-04-01","1931-06-30","6","1430"
"7","Connecticut","1925-11-28","1925-12-31","69",
"7","Connecticut","1930-11-08","1930-12-31","1488","1939"
"7","Connecticut","1935-11-16","1935-12-31","2667","1874"
"7","Connecticut","1940-03-16","1940-06-30","3984","1686"
"1","Delaware","1928-01-01","1928-06-30",,"129"
"1","Delaware","1928-10-01","1928-12-31","1","167"
"1","Delaware","1929-02-01","1929-06-30","2","209"
"1","Delaware","1929-11-01","1929-12-31","1","213"
"1","Delaware","1930-08-01","1930-12-31","1","210"
"1","Delaware","1930-10-01","1930-06-30","1","213"
"1","Delaware","1931-04-01","1931-06-30","1","186"
"7","Delaware","1930-11-08","1930-12-31","106","93"
"7","Delaware","1935-11-16","1935-12-31","242","121"
"7","Delaware","1940-03-16","1940-06-30","357","156"
"1","District of Columbia","1928-01-01","1928-06-30",,"1732"
"1","District of Columbia","1928-10-01","1928-12-31","2","876"
"1","District of Columbia","1929-02-01","1929-06-30","1","884"
"1","District of Columbia","1929-11-01","1929-12-31","1","1167"
"1","District of Columbia","1930-08-01","1930-12-31","1","852"
"1","District of Columbia","1930-10-01","1930-06-30","1","966"
"1","District of Columbia","1931-04-01","1931-06-30","1","616"
"7","District of Columbia","1925-11-28","1925-12-31","11",
"7","District of Columbia","1930-11-08","1930-12-31","353","755"
"7","District of Columbia","1935-11-16","1935-12-31","1045","1840"
"7","District of Columbia","1940-03-16","1940-06-30","1905","1807"
"1","Florida","1928-01-01","1928-06-30",,"1497"
"1","Florida","1928-10-01","1928-12-31","3","1160"
"1","Florida","1929-02-01","1929-06-30","3","1570"
"1","Florida","1929-11-01","1929-12-31","5","1239"
"1","Florida","1930-08-01","1930-12-31","4","964"
"1","Florida","1930-10-01","1930-06-30","6","1133"
"1","Florida","1931-04-01","1931-06-30","2","1159"
"7","Florida","1925-11-28","1925-12-31","23",
"7","Florida","1930-11-08","1930-12-31","206","218"
"7","Florida","1935-11-16","1935-12-31","421","393"
"7","Florida","1940-03-16","1940-06-30","1096","1911"
"1","Georgia","1928-01-01","1928-06-30",,"1416"
"1","Georgia","1928-10-01","1928-12-31","4","704"
"1","Georgia","1929-02-01","1929-06-30","6","846"
"1","Georgia","1929-11-01","1929-12-31","7","848"
"1","Georgia","1930-08-01","1930-12-31","8","681"
"1","Georgia","1930-10-01","1930-06-30","8","799"
"1","Georgia","1931-04-01","1931-06-30","4","493"
"7","Georgia","1925-11-28","1925-12-31","9",
"7","Georgia","1930-11-08","1930-12-31","201","189"
"7","Georgia","1935-11-16","1935-12-31","300","233"
"7","Georgia","1940-03-16","1940-06-30","496","338"
"1","Idaho","1928-01-01","1928-06-30",,"308"
"1","Idaho","1928-10-01","1928-12-31","3","330"
"1","Idaho","1929-02-01","1929-06-30",,"356"
"1","Idaho","1929-11-01","1929-12-31","2","350"
"1","Idaho","1930-08-01","1930-12-31","3","275"
"1","Idaho","1930-10-01","1930-06-30","4","340"
"1","Idaho","1931-04-01","1931-06-30","1","222"
"7","Idaho","1925-11-28","1925-12-31","2",
"7","Idaho","1930-11-08","1930-12-31","20","16"
"7","Idaho","1935-11-16","1935-12-31","45","38"
"7","Idaho","1940-03-16","1940-06-30","95","42"
"1","Illinois","1928-01-01","1928-06-30",,"6437"
"1","Illinois","1928-10-01","1928-12-31","11","5492"
"1","Illinois","1929-02-01","1929-06-30","12","6913"
"1","Illinois","1929-11-01","1929-12-31","17","6723"
"1","Illinois","1930-08-01","1930-12-31","21","5386"
"1","Illinois","1930-10-01","1930-06-30","14","6428"
"1","Illinois","1931-04-01","1931-06-30","16","4461"
"7","Illinois","1925-11-28","1925-12-31","43",
"7","Illinois","1930-11-08","1930-12-31","1549","2152"
"7","Illinois","1935-11-16","1935-12-31","2661","2770"
"7","Illinois","1940-03-16","1940-06-30","4896","3298"
"1","Indiana","1928-01-01","1928-06-30",,"2028"
"1","Indiana","1928-10-01","1928-12-31","5","2037"
"1","Indiana","1929-02-01","1929-06-30","4","2367"
"1","Indiana","1929-11-01","1929-12-31","4","2571"
"1","Indiana","1930-08-01","1930-12-31","9","2152"
"1","Indiana","1930-10-01","1930-06-30","4","2365"
"1","Indiana","1931-04-01","1931-06-30","5","1467"
"7","Indiana","1925-11-28","1925-12-31","7",
"7","Indiana","1930-11-08","1930-12-31","414","541"
"7","Indiana","1935-11-16","1935-12-31","689","499"
"7","Indiana","1940-03-16","1940-06-30","947","580"
"1","Iowa","1928-01-01","1928-06-30",,"1931"
"1","Iowa","1928-10-01","1928-12-31","7","1440"
"1","Iowa","1929-02-01","1929-06-30","8","1693"
"1","Iowa","1929-11-01","1929-12-31","8","1412"
"1","Iowa","1930-08-01","1930-12-31","10","1387"
"1","Iowa","1930-10-01","1930-06-30","12","1639"
"1","Iowa","1931-04-01","1931-06-30","5","956"
"7","Iowa","1925-11-28","1925-12-31","7",
"7","Iowa","1930-11-08","1930-12-31","233","217"
"7","Iowa","1935-11-16","1935-12-31","465","230"
"7","Iowa","1940-03-16","1940-06-30","616","285"
"1","Kansas","1928-01-01","1928-06-30",,"196"
"1","Kansas","1928-10-01","1928-12-31","6","1145"
"1","Kansas","1929-02-01","1929-06-30","5","1385"
"1","Kansas","1929-11-01","1929-12-31","6","1444"
"1","Kansas","1930-08-01","1930-12-31","5","1065"
"1","Kansas","1930-10-01","1930-06-30","5","1411"
"1","Kansas","1931-04-01","1931-06-30","5","865"
"7","Kansas","1925-11-28","1925-12-31","5",
"7","Kansas","1930-11-08","1930-12-31","134","200"
"7","Kansas","1935-11-16","1935-12-31","261","209"
"7","Kansas","1940-03-16","1940-06-30","337","122"
"1","Kentucky","1928-01-01","1928-06-30",,"1159"
"1","Kentucky","1928-10-01","1928-12-31","3","1088"
"1","Kentucky","1929-02-01","1929-06-30","2","1311"
"1","Kentucky","1929-11-01","1929-12-31","3","1360"
"1","Kentucky","1930-08-01","1930-12-31","8","1221"
"1","Kentucky","1930-10-01","1930-06-30","3","1302"
"1","Kentucky","1931-04-01","1931-06-30","5","784"
"7","Kentucky","1925-11-28","1925-12-31","6",
"7","Kentucky","1930-11-08","1930-12-31","212","157"
"7","Kentucky","1935-11-16","1935-12-31","375","226"
"7","Kentucky","1940-03-16","1940-06-30","577","175"
"1","Louisiana","1928-01-01","1928-06-30",,"2851"
"1","Louisiana","1928-10-01","1928-12-31","2","761"
"1","Louisiana","1929-02-01","1929-06-30","2","977"
"1","Louisiana","1929-11-01","1929-12-31","3","892"
"1","Louisiana","1930-08-01","1930-12-31","4","808"
"1","Louisiana","1930-10-01","1930-06-30","4","820"
"1","Louisiana","1931-04-01","1931-06-30","1","563"
"7","Louisiana","1925-11-28","1925-12-31","3",
"7","Louisiana","1930-11-08","1930-12-31","121","148"
"7","Louisiana","1935-11-16","1935-12-31","185","179"
"7","Louisiana","1940-03-16","1940-06-30","321","214"
"1","Maine","1928-01-01","1928-06-30",,"580"
"1","Maine","1928-10-01","1928-12-31","3","305"
"1","Maine","1929-02-01","1929-06-30","4","513"
"1","Maine","1929-11-01","1929-12-31","4","493"
"1","Maine","1930-08-01","1930-12-31","5","737"
"1","Maine","1930-10-01","1930-06-30","4","440"
"1","Maine","1931-04-01","1931-06-30","5","349"
"7","Maine","1925-11-28","1925-12-31","3",
"7","Maine","1930-11-08","1930-12-31","137","136"
"7","Maine","1935-11-16","1935-12-31","305","216"
"7","Maine","1940-03-16","1940-06-30","376","223"
"1","Maryland","1928-01-01","1928-06-30",,"1417"
"1","Maryland","1928-10-01","1928-12-31","7","1401"
"1","Maryland","1929-02-01","1929-06-30","8","1513"
"1","Maryland","1929-11-01","1929-12-31","13","1335"
"1","Maryland","1930-08-01","1930-12-31","7","1174"
"1","Maryland","1930-10-01","1930-06-30","12","1266"
"1","Maryland","1931-04-01","1931-06-30","5","852"
"7","Maryland","1925-11-28","1925-12-31","7",
"7","Maryland","1930-11-08","1930-12-31","464","599"
"7","Maryland","1935-11-16","1935-12-31","861","771"
"7","Maryland","1940-03-16","1940-06-30","1314","775"
"1","Massachusetts","1928-01-01","1928-06-30",,"4541"
"1","Massachusetts","1928-10-01","1928-12-31","19","4045"
"1","Massachusetts","1929-02-01","1929-06-30","14","4554"
"1","Massachusetts","1929-11-01","1929-12-31","12","4596"
"1","Massachusetts","1930-08-01","1930-12-31","19","3307"
"1","Massachusetts","1930-10-01","1930-06-30","14","4466"
"1","Massachusetts","1931-04-01","1931-06-30","14","2511"
"7","Massachusetts","1925-11-28","1925-12-31","66",
"7","Massachusetts","1930-11-08","1930-12-31","1908","3140"
"7","Massachusetts","1935-11-16","1935-12-31","4164","3755"
"7","Massachusetts","1940-03-16","1940-06-30","6110","3539"
"1","Michigan","1928-01-01","1928-06-30",,"4857"
"1","Michigan","1928-10-01","1928-12-31","10","4414"
"1","Michigan","1929-02-01","1929-06-30","10","5272"
"1","Michigan","1929-11-01","1929-12-31","13","7532"
"1","Michigan","1930-08-01","1930-12-31","13","5118"
"1","Michigan","1930-10-01","1930-06-30","10","6898"
"1","Michigan","1931-04-01","1931-06-30","9","3489"
"7","Michigan","1925-11-28","1925-12-31","25",
"7","Michigan","1930-11-08","1930-12-31","1022","1378"
"7","Michigan","1935-11-16","1935-12-31","1481","1662"
"7","Michigan","1940-03-16","1940-06-30","2566","1579"
"1","Minnesota","1928-01-01","1928-06-30",,"2815"
"1","Minnesota","1928-10-01","1928-12-31","7","1731"
"1","Minnesota","1929-02-01","1929-06-30","8","2047"
"1","Minnesota","1929-11-01","1929-12-31","7","2265"
"1","Minnesota","1930-08-01","1930-12-31","7","1767"
"1","Minnesota","1930-10-01","1930-06-30","4","2132"
"1","Minnesota","1931-04-01","1931-06-30","5","1265"
"7","Minnesota","1925-11-28","1925-12-31","9",
"7","Minnesota","1930-11-08","1930-12-31","517","471"
"7","Minnesota","1935-11-16","1935-12-31","757","594"
"7","Minnesota","1940-03-16","1940-06-30","1181","530"
"1","Mississippi","1928-01-01","1928-06-30",,"243"
"1","Mississippi","1928-10-01","1928-12-31","3","492"
"1","Mississippi","1929-02-01","1929-06-30","1","580"
"1","Mississippi","1929-11-01","1929-12-31","1","642"
"1","Mississippi","1930-08-01","1930-12-31","1","461"
"1","Mississippi","1930-10-01","1930-06-30","1","546"
"1","Mississippi","1931-04-01","1931-06-30","2","299"
"7","Mississippi","1925-11-28","1925-12-31","2",
"7","Mississippi","1930-11-08","1930-12-31","48","66"
"7","Mississippi","1935-11-16","1935-12-31","46","59"
"7","Mississippi","1940-03-16","1940-06-30","109","68"
"1","Missouri","1928-01-01","1928-06-30",,"5005"
"1","Missouri","1928-10-01","1928-12-31","10","2804"
"1","Missouri","1929-02-01","1929-06-30","10","3250"
"1","Missouri","1929-11-01","1929-12-31","13","3445"
"1","Missouri","1930-08-01","1930-12-31","19","2758"
"1","Missouri","1930-10-01","1930-06-30","14","3308"
"1","Missouri","1931-04-01","1931-06-30","17","2132"
"7","Missouri","1925-11-28","1925-12-31","10",
"7","Missouri","1930-11-08","1930-12-31","626","616"
"7","Missouri","1935-11-16","1935-12-31","958","754"
"7","Missouri","1940-03-16","1940-06-30","1417","675"
"1","Montana","1928-01-01","1928-06-30",,"358"
"1","Montana","1928-10-01","1928-12-31","3","372"
"1","Montana","1929-02-01","1929-06-30","5","432"
"1","Montana","1929-11-01","1929-12-31","3","446"
"1","Montana","1930-08-01","1930-12-31","3","329"
"1","Montana","1930-10-01","1930-06-30","3","465"
"1","Montana","1931-04-01","1931-06-30",,"253"
"7","Montana","1925-11-28","1925-12-31","2",
"7","Montana","1930-11-08","1930-12-31","50","60"
"7","Montana","1935-11-16","1935-12-31","106","99"
"7","Montana","1940-03-16","1940-06-30","169","67"
"1","Nebraska","1928-01-01","1928-06-30",,"1738"
"1","Nebraska","1928-10-01","1928-12-31","4","861"
"1","Nebraska","1929-02-01","1929-06-30","4","1123"
"1","Nebraska","1929-11-01","1929-12-31","5","1390"
"1","Nebraska","1930-08-01","1930-12-31","8","902"
"1","Nebraska","1930-10-01","1930-06-30","3","1214"
"1","Nebraska","1931-04-01","1931-06-30","8","649"
"7","Nebraska","1925-11-28","1925-12-31","3",
"7","Nebraska","1930-11-08","1930-12-31","139","102"
"7","Nebraska","1935-11-16","1935-12-31","181","153"
"7","Nebraska","1940-03-16","1940-06-30","295","159"
"1","Nevada","1928-01-01","1928-06-30",,"322"
"1","Nevada","1928-10-01","1928-12-31",,"98"
"1","Nevada","1929-02-01","1929-06-30","1","116"
"1","Nevada","1929-11-01","1929-12-31","1","163"
"1","Nevada","1930-08-01","1930-12-31","1","146"
"1","Nevada","1930-10-01","1930-06-30","1","163"
"1","Nevada","1931-04-01","1931-06-30","1","99"
"7","Nevada","1925-11-28","1925-12-31","1",
"7","Nevada","1930-11-08","1930-12-31","25","35"
"7","Nevada","1935-11-16","1935-12-31","36","53"
"7","Nevada","1940-03-16","1940-06-30","50","35"
"1","New Hampshire","1928-01-01","1928-06-30",,"226"
"1","New Hampshire","1928-10-01","1928-12-31","2","314"
"1","New Hampshire","1929-02-01","1929-06-30","2","298"
"1","New Hampshire","1929-11-01","1929-12-31","3","360"
"1","New Hampshire","1930-08-01","1930-12-31","4","28"
"1","New Hampshire","1930-10-01","1930-06-30","4","357"
"1","New Hampshire","1931-04-01","1931-06-30","4","176"
"7","New Hampshire","1925-11-28","1925-12-31","5",
"7","New Hampshire","1930-11-08","1930-12-31","142","112"
"7","New Hampshire","1935-11-16","1935-12-31","303","171"
"7","New Hampshire","1940-03-16","1940-06-30","471","135"
"1","New Jersey","1928-01-01","1928-06-30",,"3605"
"1","New Jersey","1928-10-01","1928-12-31","20","4253"
"1","New Jersey","1929-02-01","1929-06-30","17","4830"
"1","New Jersey","1929-11-01","1929-12-31","13","5004"
"1","New Jersey","1930-08-01","1930-12-31","16","5196"
"1","New Jersey","1930-10-01","1930-06-30","9","4743"
"1","New Jersey","1931-04-01","1931-06-30","15","3293"
"7","New Jersey","1925-11-28","1925-12-31","1120",
"7","New Jersey","1930-11-08","1930-12-31","2706","3329"
"7","New Jersey","1935-11-16","1935-12-31","4310","3099"
"7","New Jersey","1940-03-16","1940-06-30","5356","2535"
"1","New Mexico","1928-01-01","1928-06-30",,"80"
"1","New Mexico","1928-10-01","1928-12-31",,"127"
"1","New Mexico","1929-02-01","1929-06-30",,"106"
"1","New Mexico","1929-11-01","1929-12-31",,"304"
"1","New Mexico","1930-08-01","1930-12-31",,"212"
"1","New Mexico","1930-10-01","1930-06-30",,"260"
"1","New Mexico","1931-04-01","1931-06-30","1","166"
"7","New Mexico","1930-11-08","1930-12-31","61","57"
"7","New Mexico","1935-11-16","1935-12-31","105","79"
"7","New Mexico","1940-03-16","1940-06-30","165","81"
"1","New York","1928-01-01","1928-06-30",,"15315"
"1","New York","1928-10-01","1928-12-31","40","16526"
"1","New York","1929-02-01","1929-06-30","48","18607"
"1","New York","1929-11-01","1929-12-31","61","19243"
"1","New York","1930-08-01","1930-12-31","53","16091"
"1","New York","1930-10-01","1930-06-30","43","17908"
"1","New York","1931-04-01","1931-06-30","55","12246"
"7","New York","1925-11-28","1925-12-31","6199",
"7","New York","1930-11-08","1930-12-31","19193","38072"
"7","New York","1935-11-16","1935-12-31","24201","32128"
"7","New York","1940-03-16","1940-06-30","28911","23493"
"1","North Carolina","1928-01-01","1928-06-30",,"257"
"1","North Carolina","1928-10-01","1928-12-31","1","780"
"1","North Carolina","1929-02-01","1929-06-30","1","880"
"1","North Carolina","1929-11-01","1929-12-31","2","981"
"1","North Carolina","1930-08-01","1930-12-31","3","686"
"1","North Carolina","1930-10-01","1930-06-30","2","901"
"1","North Carolina","1931-04-01","1931-06-30","1","455"
"7","North Carolina","1925-11-28","1925-12-31","3",
"7","North Carolina","1930-11-08","1930-12-31","162","176"
"7","North Carolina","1935-11-16","1935-12-31","419","366"
"7","North Carolina","1940-03-16","1940-06-30","675","396"
"1","North Dakota","1928-01-01","1928-06-30",,"240"
"1","North Dakota","1928-10-01","1928-12-31","3","206"
"1","North Dakota","1929-02-01","1929-06-30","4","406"
"1","North Dakota","1929-11-01","1929-12-31","3","427"
"1","North Dakota","1930-08-01","1930-12-31","1","256"
"1","North Dakota","1930-10-01","1930-06-30","2","431"
"1","North Dakota","1931-04-01","1931-06-30","1","198"
"7","North Dakota","1925-11-28","1925-12-31","1",
"7","North Dakota","1930-11-08","1930-12-31","24","15"
"7","North Dakota","1935-11-16","1935-12-31","52","36"
"7","North Dakota","1940-03-16","1940-06-30","57","24"
"1","Ohio","1928-01-01","1928-06-30",,"5657"
"1","Ohio","1928-10-01","1928-12-31","19","6174"
"1","Ohio","1929-02-01","1929-06-30","24","7191"
"1","Ohio","1929-11-01","1929-12-31","28","8568"
"1","Ohio","1930-08-01","1930-12-31","33","6290"
"1","Ohio","1930-10-01","1930-06-30","21","8186"
"1","Ohio","1931-04-01","1931-06-30","19","4468"
"7","Ohio","1925-11-28","1925-12-31","44",
"7","Ohio","1930-11-08","1930-12-31","1456","2102"
"7","Ohio","1935-11-16","1935-12-31","2266","2109"
"7","Ohio","1940-03-16","1940-06-30","3560","1981"
"1","Oklahoma","1928-01-01","1928-06-30",,"805"
"1","Oklahoma","1928-10-01","1928-12-31",,"1208"
"1","Oklahoma","1929-02-01","1929-06-30",,"1487"
"1","Oklahoma","1929-11-01","1929-12-31","1","1496"
"1","Oklahoma","1930-08-01","1930-12-31","2","1156"
"1","Oklahoma","1930-10-01","1930-06-30",,"1413"
"1","Oklahoma","1931-04-01","1931-06-30","2","819"
"7","Oklahoma","1925-11-28","1925-12-31","2",
"7","Oklahoma","1930-11-08","1930-12-31","147","217"
"7","Oklahoma","1935-11-16","1935-12-31","221","179"
"7","Oklahoma","1940-03-16","1940-06-30","312","148"
"1","Oregon","1928-01-01","1928-06-30",,"1931"
"1","Oregon","1928-10-01","1928-12-31","2","977"
"1","Oregon","1929-02-01","1929-06-30","5","1080"
"1","Oregon","1929-11-01","1929-12-31","5","973"
"1","Oregon","1930-08-01","1930-12-31","6","834"
"1","Oregon","1930-10-01","1930-06-30","5","909"
"1","Oregon","1931-04-01","1931-06-30","3","594"
"7","Oregon","1925-11-28","1925-12-31","2",
"7","Oregon","1930-11-08","1930-12-31","246","183"
"7","Oregon","1935-11-16","1935-12-31","309","286"
"7","Oregon","1940-03-16","1940-06-30","495","208"
"1","Pennsylvania","1928-01-01","1928-06-30",,"8529"
"1","Pennsylvania","1928-10-01","1928-12-31","21","7070"
"1","Pennsylvania","1929-02-01","1929-06-30","22","8363"
"1","Pennsylvania","1929-11-01","1929-12-31","34","9835"
"1","Pennsylvania","1930-08-01","1930-12-31","27","7848"
"1","Pennsylvania","1930-10-01","1930-06-30","26","9364"
"1","Pennsylvania","1931-04-01","1931-06-30","20","5305"
"7","Pennsylvania","1925-11-28","1925-12-31","61",
"7","Pennsylvania","1930-11-08","1930-12-31","2456","3301"
"7","Pennsylvania","1935-11-16","1935-12-31","4032","3870"
"7","Pennsylvania","1940-03-16","1940-06-30","5703","3629"
"1","Rhode Island","1928-01-01","1928-06-30",,"966"
"1","Rhode Island","1928-10-01","1928-12-31","1","617"
"1","Rhode Island","1929-02-01","1929-06-30",,"661"
"1","Rhode Island","1929-11-01","1929-12-31","1","658"
"1","Rhode Island","1930-08-01","1930-12-31","3","629"
"1","Rhode Island","1930-10-01","1930-06-30","1","612"
"1","Rhode Island","1931-04-01","1931-06-30","3","442"
"7","Rhode Island","1925-11-28","1925-12-31","12",
"7","Rhode Island","1930-11-08","1930-12-31","255","443"
"7","Rhode Island","1935-11-16","1935-12-31","503","453"
"7","Rhode Island","1940-03-16","1940-06-30","668","447"
"1","South Carolina","1928-01-01","1928-06-30",,"190"
"1","South Carolina","1928-10-01","1928-12-31","3","294"
"1","South Carolina","1929-02-01","1929-06-30","2","360"
"1","South Carolina","1929-11-01","1929-12-31",,"303"
"1","South Carolina","1930-08-01","1930-12-31","1","248"
"1","South Carolina","1930-10-01","1930-06-30","1","275"
"1","South Carolina","1931-04-01","1931-06-30","1","185"
"7","South Carolina","1925-11-28","1925-12-31","4",
"7","South Carolina","1930-11-08","1930-12-31","89","53"
"7","South Carolina","1935-11-16","1935-12-31","187","120"
"7","South Carolina","1940-03-16","1940-06-30","322","198"
"1","South Dakota","1928-01-01","1928-06-30",,"257"
"1","South Dakota","1928-10-01","1928-12-31","2","283"
"1","South Dakota","1929-02-01","1929-06-30","4","359"
"1","South Dakota","1929-11-01","1929-12-31","3","397"
"1","South Dakota","1930-08-01","1930-12-31","3","283"
"1","South Dakota","1930-10-01","1930-06-30","3","377"
"1","South Dakota","1931-04-01","1931-06-30","3","170"
"7","South Dakota","1930-11-08","1930-12-31","23","32"
"7","South Dakota","1935-11-16","1935-12-31","46","15"
"7","South Dakota","1940-03-16","1940-06-30","57","25"
"1","Tennessee","1928-01-01","1928-06-30",,"1704"
"1","Tennessee","1928-10-01","1928-12-31","2","834"
"1","Tennessee","1929-02-01","1929-06-30","2","1010"
"1","Tennessee","1929-11-01","1929-12-31","5","1023"
"1","Tennessee","1930-08-01","1930-12-31","6","924"
"1","Tennessee","1930-10-01","1930-06-30","5","971"
"1","Tennessee","1931-04-01","1931-06-30","4","641"
"7","Tennessee","1925-11-28","1925-12-31","6",
"7","Tennessee","1930-11-08","1930-12-31","165","150"
"7","Tennessee","1935-11-16","1935-12-31","295","221"
"7","Tennessee","1940-03-16","1940-06-30","438","197"
"1","Texas","1928-01-01","1928-06-30",,"2977"
"1","Texas","1928-10-01","1928-12-31","7","3255"
"1","Texas","1929-02-01","1929-06-30","11","3695"
"1","Texas","1929-11-01","1929-12-31","15","4846"
"1","Texas","1930-08-01","1930-12-31","14","3589"
"1","Texas","1930-10-01","1930-06-30","14","4598"
"1","Texas","1931-04-01","1931-06-30","20","2608"
"7","Texas","1925-11-28","1925-12-31","11",
"7","Texas","1930-11-08","1930-12-31","449","521"
"7","Texas","1935-11-16","1935-12-31","736","552"
"7","Texas","1940-03-16","1940-06-30","1209","529"
"1","Utah","1928-01-01","1928-06-30",,"644"
"1","Utah","1928-10-01","1928-12-31","3","276"
"1","Utah","1929-02-01","1929-06-30","3","412"
"1","Utah","1929-11-01","1929-12-31","2","465"
"1","Utah","1930-08-01","1930-12-31","2","379"
"1","Utah","1930-10-01","1930-06-30","2","445"
"1","Utah","1931-04-01","1931-06-30","4","240"
"7","Utah","1925-11-28","1925-12-31","1",
"7","Utah","1930-11-08","1930-12-31","59","47"
"7","Utah","1935-11-16","1935-12-31","102","92"
"7","Utah","1940-03-16","1940-06-30","147","64"
"1","Vermont","1928-01-01","1928-06-30",,"181"
"1","Vermont","1928-10-01","1928-12-31","5","197"
"1","Vermont","1929-02-01","1929-06-30","5","230"
"1","Vermont","1929-11-01","1929-12-31","4","218"
"1","Vermont","1930-08-01","1930-12-31","2","116"
"1","Vermont","1930-10-01","1930-06-30","2","193"
"1","Vermont","1931-04-01","1931-06-30","2","105"
"7","Vermont","1925-11-28","1925-12-31","3",
"7","Vermont","1930-11-08","1930-12-31","102","76"
"7","Vermont","1935-11-16","1935-12-31","242","133"
"7","Vermont","1940-03-16","1940-06-30","296","126"
"1","Virginia","1928-01-01","1928-06-30",,"901"
"1","Virginia","1928-10-01","1928-12-31","4","1044"
"1","Virginia","1929-02-01","1929-06-30","3","1239"
"1","Virginia","1929-11-01","1929-12-31","8","1375"
"1","Virginia","1930-08-01","1930-12-31","8","984"
"1","Virginia","1930-10-01","1930-06-30","11","1290"
"1","Virginia","1931-04-01","1931-06-30","6","687"
"7","Virginia","1925-11-28","1925-12-31","11",
"7","Virginia","1930-11-08","1930-12-31","322","402"
"7","Virginia","1935-11-16","1935-12-31","710","549"
"7","Virginia","1940-03-16","1940-06-30","1245","593"
"1","Washington","1928-01-01","1928-06-30",,"2414"
"1","Washington","1928-10-01","1928-12-31","9","1857"
"1","Washington","1929-02-01","1929-06-30","6","1983"
"1","Washington","1929-11-01","1929-12-31","8","1984"
"1","Washington","1930-08-01","1930-12-31","12","1657"
"1","Washington","1930-10-01","1930-06-30","11","1863"
"1","Washington","1931-04-01","1931-06-30","10","1338"
"7","Washington","1925-11-28","1925-12-31","1",
"7","Washington","1930-11-08","1930-12-31","327","297"
"7","Washington","1935-11-16","1935-12-31","471","380"
"7","Washington","1940-03-16","1940-06-30","658","319"
"1","West Virginia","1928-01-01","1928-06-30",,"322"
"1","West Virginia","1928-10-01","1928-12-31",,"622"
"1","West Virginia","1929-02-01","1929-06-30",,"880"
"1","West Virginia","1929-11-01","1929-12-31","3","1053"
"1","West Virginia","1930-08-01","1930-12-31","1","740"
"1","West Virginia","1930-10-01","1930-06-30","3","912"
"1","West Virginia","1931-04-01","1931-06-30","2","511"
"7","West Virginia","1925-11-28","1925-12-31","3",
"7","West Virginia","1930-11-08","1930-12-31","146","176"
"7","West Virginia","1935-11-16","1935-12-31","321","196"
"7","West Virginia","1940-03-16","1940-06-30","429","210"
"1","Wisconsin","1928-01-01","1928-06-30",,"1500"
"1","Wisconsin","1928-10-01","1928-12-31","8","1532"
"1","Wisconsin","1929-02-01","1929-06-30","11","1830"
"1","Wisconsin","1929-11-01","1929-12-31","11","2714"
"1","Wisconsin","1930-08-01","1930-12-31","14","1761"
"1","Wisconsin","1930-10-01","1930-06-30","9","2373"
"1","Wisconsin","1931-04-01","1931-06-30","6","1203"
"7","Wisconsin","1925-11-28","1925-12-31","9",
"7","Wisconsin","1930-11-08","1930-12-31","375","343"
"7","Wisconsin","1935-11-16","1935-12-31","712","349"
"7","Wisconsin","1940-03-16","1940-06-30","1090","375"
"1","Wyoming","1928-01-01","1928-06-30",,"317"
"1","Wyoming","1928-10-01","1928-12-31","1","216"
"1","Wyoming","1929-02-01","1929-06-30",,"213"
"1","Wyoming","1929-11-01","1929-12-31","2","278"
"1","Wyoming","1930-08-01","1930-12-31","3","183"
"1","Wyoming","1930-10-01","1930-06-30","2","264"
"1","Wyoming","1931-04-01","1931-06-30","2","124"
"7","Wyoming","1925-11-28","1925-12-31","1",
"7","Wyoming","1930-11-08","1930-12-31","39","12"
"7","Wyoming","1935-11-16","1935-12-31","83","41"
"7","Wyoming","1940-03-16","1940-06-30","93","23"
"1","U.S. Territories","1928-01-01","1928-06-30",,"150"
"1","U.S. Territories","1928-10-01","1928-12-31","24",
"1","U.S. Territories","1929-02-01","1929-06-30","24","58"
"1","U.S. Territories","1929-11-01","1929-12-31","14","5"
"1","U.S. Territories","1930-08-01","1930-12-31","30","50"
"1","U.S. Territories","1930-10-01","1930-06-30","14","46"
"1","U.S. Territories","1931-04-01","1931-06-30","24","35"
"7","U.S. Territories","1930-11-08","1930-12-31","197","164"
"7","U.S. Territories","1935-11-16","1935-12-31","507","378"
"7","U.S. Territories","1940-03-16","1940-06-30","756","346"
"1","Canada","1928-01-01","1928-06-30",,"2121"
"1","Canada","1928-10-01","1928-12-31","5","2527"
"1","Canada","1929-02-01","1929-06-30","10","3174"
"1","Canada","1929-11-01","1929-12-31","13","3214"
"1","Canada","1930-08-01","1930-12-31","15","2844"
"1","Canada","1930-10-01","1930-06-30","14","3212"
"1","Canada","1931-04-01","1931-06-30","12","2304"
"7","Canada","1925-11-28","1925-12-31","8",
"7","Canada","1930-11-08","1930-12-31","450","626"
"7","Canada","1935-11-16","1935-12-31","446","813"
"7","Canada","1940-03-16","1940-06-30","1200","1835"
"1","Foreign","1928-01-01","1928-06-30",,"5"
"1","Foreign","1928-10-01","1928-12-31","20","474"
"1","Foreign","1929-02-01","1929-06-30","14","436"
"1","Foreign","1929-11-01","1929-12-31","35","441"
"1","Foreign","1930-08-01","1930-12-31","30","394"
"1","Foreign","1930-10-01","1930-06-30","32","482"
"1","Foreign","1931-04-01","1931-06-30","24","321"
"7","Foreign","1925-11-28","1925-12-31","28",
"7","Foreign","1930-11-08","1930-12-31","1693","540"
"7","Foreign","1935-11-16","1935-12-31","2958","1116"
"7","Foreign","1940-03-16","1940-06-30","3166","1678"
"1","Miscellaneous","1928-10-01","1928-12-31",,"7"
"1","Miscellaneous","1929-02-01","1929-06-30",,"32"
"7","Miscellaneous","1930-11-08","1930-12-31",,"153"
"7","Miscellaneous","1935-11-16","1935-12-31",,"255"
"7","Miscellaneous","1940-03-16","1940-06-30",,"108"
